Titolo  Calcolatore Adozione (costi e tempi)  Calcolatore Costo Abbonamento Stadio vs. Biglietto Singolo  Calcolatore Ammortamento Fiscale Auto per Agenti di Commercio  Calcolatore Assegno di Mantenimento per Divorzio/Separazione,Slug adozione-costi-e-tempi abbonamento-stadio-vs-biglietto ammortamento-auto-agenti-commercio assegno-mantenimento-divorzio,Categoria Famiglia e Vita Quotidiana Hobby e Tempo Libero Auto e Trasporti Famiglia e Vita Quotidiana,Lingua it it it it,"Descrizione Elenca costi e tempistiche medi per procedura di adozione nazionale o internazionale. Confronta la spesa complessiva di un abbonamento stagionale allo stadio con l’acquisto di singoli biglietti, includendo prevendita e partite di coppa. Calcola quote di ammortamento deducibili e limiti di costo per le auto degli agenti di commercio. Stima l’assegno di mantenimento in caso di separazione/divorzio considerando redditi e bisogni dei figli.",F,G,H,I,J,K,L,M,N,O,P,Q,R,S,T,U,V,W,X,Y,Z
Calcolatore Ammortamento Beni Strumentali,ammortamento-beni-strumentali,PMI e Impresa,it,Calcola le quote di ammortamento deducibili di un bene strumentale secondo coefficiente e metodo scelto.,7,x,,,,,,,,,,,,,,,,,,,
Calcolatore Tassazione per Periti Industriali (con EPPI),tassazione-periti-industriali-eppi,Fisco e Lavoro Autonomo,it,"Simula imposte IRPEF, addizionali e contributi EPPI sul reddito di un perito industriale, restituendo il netto disponibile.",1,V,componente rotto,,,,,,,,,,,,,,,,,,
Calcolatore Tassazione per Consulenti Finanziari (con OCF),tassazione-consulenti-finanziari-ocf,Fisco e Lavoro Autonomo,it,"Calcola carico fiscale e contributivo tipico dei consulenti finanziari iscritti all&rsquo;Albo OCF, con dettaglio di acconti e saldo.",2,x,pagina ,,,,,,,,,,,,,,,,,,
Calcolatore Tassazione per Agenti Immobiliari (con INPS Commercianti),tassazione-agenti-immobiliari-inps,Fisco e Lavoro Autonomo,it,"Stima imposte IRPEF e contributi INPS Commercianti spettanti a un agente immobiliare, mostrando il reddito netto annuo.",3,x,,,,,,,,,,,,,,,,,,,
Calcolatore Tasse Regime Forfettario (con simulazione acconti e saldi),tasse-regime-forfettario,Fisco e Lavoro Autonomo,it,"Calcola imposta sostitutiva, contributi e acconti per partite IVA in regime forfettario, evidenziando convenienza e cash-flow.",4,x,,,,,,,,,,,,,,,,,,,
Calcolatore Costo Totale Dipendente (Cuneo Fiscale),,PMI e Impresa,it,"Determina il costo aziendale totale di un dipendente sommando lordo, contributi, TFR e voci del cuneo fiscale.",5,x,,,,,,,,,,,,,,,,,,,
Calcolatore IRES e IRAP per SRL e SRLS,calcolo-ires-irap-srl-srls,PMI e Impresa,it,"Stima IRES, IRAP e imposte locali a carico di SRL/SRLS partendo dall&rsquo;utile civilistico.",6,x,,,,,,,,,,,,,,,,,,,
Calcolatore Liquidazione IVA Trimestrale vs. Mensile,liquidazione-iva-trimestrale-mensile,PMI e Impresa,it,"Confronta cash-flow e interessi fra liquidazione IVA mensile e trimestrale, calcolando saldo e ravvedimento.",8,x,,,,,,,,,,,,,,,,,,,
Calcolatore Deducibilità Costi Auto Aziendale,deducibilita-costi-auto-aziendale,PMI e Impresa,it,Valuta la quota deducibile di costi e ammortamenti auto in base a tipo di veicolo e utilizzo aziendale.,9,x,,,,,,,,,,,,,,,,,,,
Calcolatore IMU/TASI per seconda casa (con aliquote comunali),imu-tasi-seconda-casa,Immobiliare e Casa,it,"Calcola IMU e TASI sulla seconda casa usando rendita catastale, aliquote e detrazioni comunali.",10,x,,,,,,,,,,,,,,,,,,,
Calcolatore Cedolare Secca vs. Tassazione Ordinaria per affitti,cedolare-secca-vs-tassazione-ordinaria,Immobiliare e Casa,it,Confronta il carico fiscale tra cedolare secca e IRPEF progressiva applicato ai redditi da locazione.,11,x,,,,,,,,,,,,,,,,,,,
Calcolatore Detrazioni Fiscali per Ristrutturazione (50%),detrazioni-ristrutturazione-50,Immobiliare e Casa,it,"Stima la detrazione 50 % per lavori di ristrutturazione, ripartita in rate annuali entro i limiti di legge.",12,x,,,,,,,,,,,,,,,,,,,
Calcolatore Detrazioni Fiscali per Ecobonus (65%),detrazioni-ecobonus-65,Immobiliare e Casa,it,"Calcola il beneficio 65 % (Ecobonus) per interventi di efficienza energetica, indicando le quote detraibili.",13,x,,,,,,,,,,,,,,,,,,,
Calcolatore PAC (Piano di Accumulo Capitale) con tassazione italiana (26%),piano-di-accumulo-pac-tassazione,Risparmio e Investimenti,it,"Simula la crescita di un PAC con tassazione italiana 26 %, includendo bolli e reinvestimento degli interessi.",14,x,,,,,,,,,,,,,,,,,,,
Calcolatore Rendimento Netto BTP vs. Conto Deposito,rendimento-netto-btp-vs-conto-deposito,Risparmio e Investimenti,it,Confronta il rendimento netto (imposte + bolli) di un BTP rispetto a un conto deposito vincolato.,15,x,,,,,,,,,,,,,,,,,,,
Calcolatore Tassazione ETF (armonizzati vs. non armonizzati),tassazione-etf-armonizzati-non,Risparmio e Investimenti,it,Calcola aliquote e modalit&agrave; di tassazione su dividendi e plusvalenze di ETF armonizzati e non.,16,x,,,,,,,,,,,,,,,,,,,
Calcolatore Convenienza Fondo Pensione vs. TFR in azienda,convenienza-fondo-pensione-vs-tfr,Risparmio e Investimenti,it,Confronta rendimento netto e vantaggi fiscali nel versare il TFR a un fondo pensione rispetto a lasciarlo in azienda.,17,x,,,,,,,,,,,,,,,,,,,
"Calcolatore Costo Totale di Proprietà Auto (TCO) per Regione (Bollo, Assicurazione)",costo-proprieta-auto-tco,Auto e Trasporti,it,"Somma bollo, assicurazione, manutenzione e svalutazione per stimare il TCO annuale di un&rsquo;auto in ogni regione.",18,x,,,,,,,,,,,,,,,,,,,
Calcolatore Bollo Auto e Superbollo,bollo-auto-e-superbollo,Auto e Trasporti,it,"Calcola bollo e superbollo in base a kW, et&agrave; del veicolo e potenza eccedente la soglia.",19,x,,,,,,,,,,,,,,,,,,,
Calcolatore Convenienza Auto Elettrica vs. Termica (con incentivi),auto-elettrica-vs-termica,Auto e Trasporti,it,"Confronta costo chilometrico e TCO fra auto elettrica e termica, includendo incentivi Ecobonus e risparmio carburante.",20,x,,,,,,,,,,,,,,,,,,,
Calcolatore Rimborso Chilometrico ACI,rimborso-chilometrico-aci,Auto e Trasporti,it,Determina il rimborso trasferte usando le tabelle ACI aggiornate per cilindrata e alimentazione.,21,x,,,,,,,,,,,,,,,,,,,
Calcolatore Costo Passaggio di Proprietà Auto,passaggio-proprieta-auto,Auto e Trasporti,it,"Stima IPT, emolumenti PRA e bolli dovuti per il passaggio di propriet&agrave; di un&rsquo;auto.",22,x,,,,,,,,,,,,,,,,,,,
Calcolatore Assegno Unico Universale per Figli a Carico,assegno-unico-universale-figli,Famiglia e Vita Quotidiana,it,"Calcola l&rsquo;importo mensile dell&rsquo;Assegno Unico in base a ISEE, numero ed et&agrave; dei figli.",23,x,,,,,,,,,,,,,,,,,,,
Calcolatore Retta Asilo Nido con Bonus INPS,retta-asilo-nido-con-bonus,Famiglia e Vita Quotidiana,it,Stima la retta netta dell&rsquo;asilo nido dopo applicazione del bonus INPS.,24,x,,,,,,,,,,,,,,,,,,,
"Calcolatore TFR per Colf, Badanti e Babysitter",tfr-colf-badanti-babysitter,Famiglia e Vita Quotidiana,it,"Calcola maturazione e liquidazione TFR per lavoratori domestici (colf, badanti, babysitter).",25,x,,,,,,,,,,,,,,,,,,,
Calcolatore Imposta di Successione e Donazione (per gradi di parentela),imposta-successione-donazione,Famiglia e Vita Quotidiana,it,Stima imposta di successione o donazione applicando franchigie e aliquote per grado di parentela.,26,x,,,,,,,,,,,,,,,,,,,
Calcolatore Costo Matrimonio (civile vs. religioso),costo-matrimonio-civile-religioso,Famiglia e Vita Quotidiana,it,Elabora il budget di un matrimonio e confronta costi di cerimonia civile e religiosa.,27,x,,,,,,,,,,,,,,,,,,,
Calcolatore Tassazione per Imprenditore Agricolo (IAP),tassazione-imprenditore-agricolo-iap,Agricoltura e Cibo,it,"Simula imposte e contributi di un imprenditore agricolo IAP, includendo agevolazioni del settore primario.",28,,,,,,,,,,,,,,,,,,,,
Calcolatore Costi di Gestione di un Agriturismo,costi-gestione-agriturismo,Agricoltura e Cibo,it,"Stima ricavi, costi e imposte di gestione di un agriturismo con diverse combinazioni di servizi.",29,,,,,,,,,,,,,,,,,,,,
Calcolatore PAC (Politica Agricola Comune) - Stima Contributi,pac-politica-agricola-contributi,Agricoltura e Cibo,it,Calcola i contributi PAC per ettaro in base a titoli e pagamenti accoppiati previsti.,30,,,,,,,,,,,,,,,,,,,,
Calcolatore Costo Impianto Vigneto/Uliveto per ettaro,costo-impianto-vigneto-uliveto,Agricoltura e Cibo,it,"Stima investimento totale per impiantare un vigneto o un uliveto per ettaro, includendo lavorazioni e incentivi.",31,,,,,,,,,,,,,,,,,,,,
Calcolatore Rendita di un Orto Urbano,rendita-orto-urbano,Agricoltura e Cibo,it,"Valuta resa economica, tempi di rientro e superfici ideali di un orto urbano.",32,,,,,,,,,,,,,,,,,,,,
Calculateur de Cotisations Sociales URSSAF (indépendant/profession libérale),calculateur-cotisations-urssaf,Fiscalité et travail indépendant,fr,"FR Calcule les cotisations URSSAF (retraite, CSG-CRDS) et le revenu net de l&rsquo;ind&eacute;pendant.",33,,,,,,,,,,,,,,,,,,,,
Simulateur de Revenu: Micro-entrepreneur vs. Régime Réel,simulateur-revenu-micro-vs-reel,Fiscalité et travail indépendant,fr,FR Compare charges et imp&ocirc;ts entre micro-entreprise et r&eacute;gime r&eacute;el pour indiquer l&rsquo;option la plus avantageuse.,34,,,,,,,,,,,,,,,,,,,,
Calculateur du Versement Libératoire de l'impôt pour micro-entrepreneur,calculateur-versement-liberatoire,Fiscalité et travail indépendant,fr,FR Estime le montant mensuel ou trimestriel du versement lib&eacute;ratoire d&rsquo;imp&ocirc;t du micro-entrepreneur.,35,,,,,,,,,,,,,,,,,,,,
"Calculateur de TVA (franchise, réel simplifié/normal)",calculateur-tva,Fiscalité et travail indépendant,fr,"FR D&eacute;termine la TVA due ou r&eacute;cup&eacute;rable selon le r&eacute;gime (franchise, r&eacute;el simplifi&eacute;, normal).",36,,,,,,,,,,,,,,,,,,,,
Calculateur de l'ACRE (Aide à la Création ou à la Reprise d'une Entreprise),calculateur-acre,Fiscalité et travail indépendant,fr,FR Simule l&rsquo;exon&eacute;ration partielle de cotisations ACRE sur trois ans et l&rsquo;&eacute;conomie obtenue.,37,,,,,,,,,,,,,,,,,,,,
Calculateur de la CFE (Cotisation Foncière des Entreprises),calculateur-cfe,Fiscalité et travail indépendant,fr,FR Calcule la CFE &agrave; payer en fonction de la valeur locative ou du chiffre d&rsquo;affaires.,38,,,,,,,,,,,,,,,,,,,,
 Simulatore Convenienza: Forfettario vs. Semplificato,gestione-separata,Fisco e Lavoro Autonomo,it,"Confronta oneri fiscali e adempimenti tra regime forfettario e contabilit&agrave; semplificata, evidenziando il risparmio.",39,,,,,,,,,,,,,,,,,,,,
" Calcolatore Contributi Gestione Separata INPS vs. Cassa Professionale (es. Inarcassa, CNPADC)",contributi-gestione,Fisco e Lavoro Autonomo,it,"Confronta aliquote INPS Gestione Separata e casse professionali, mostrando la differenza di contributi e netto.",40,,,,,,,,,,,,,,,,,,,,
 Calcolatore Netto da Lordo per Agenti di Commercio (con ENASARCO),calcolatore-agenti-commercio,Fisco e Lavoro Autonomo,it,"Calcola provvigioni nette per agenti di commercio considerando contributi ENASARCO, FIRR e imposte.",41,,,,,,,,,,,,,,,,,,,,
 Calcolatore Flat Tax Incrementale per Partite IVA,flat-tax-pi,Fisco e Lavoro Autonomo,it,Simula la Flat Tax incrementale sui redditi eccedenti la media triennale e il potenziale risparmio rispetto a IRPEF.,42,,,,,,,,,,,,,,,,,,,,
 Calcolatore Imposta di Bollo su Fatture Elettroniche (annuale),imposta-bollo-fatture,Fisco e Lavoro Autonomo,it,Somma i bolli virtuali dovuti sulle fatture elettroniche emesse e genera la scadenza di versamento.,43,,,,,,,,,,,,,,,,,,,,
 Calcolatore Ravvedimento Operoso F24 (per ritardi di pagamento),ravvedimento-operoso-f24,Fisco e Lavoro Autonomo,it,Determina sanzioni ridotte e interessi per pagamenti tardivi con ravvedimento operoso via F24.,44,,,,,,,,,,,,,,,,,,,,
 Calcolatore Tassazione per Redditi da Affitti Brevi (Cedolare Secca 21%),tassazione-affitti-brevi,Fisco e Lavoro Autonomo,it,Calcola cedolare secca 21 % e imposta di soggiorno sui redditi da locazioni brevi.,45,,,,,,,,,,,,,,,,,,,,
 Simulatore Tassazione per Lavoratori Sportivi,tassazione-sportivi,Fisco e Lavoro Autonomo,it,Stima imposte IRPEF e contributi INPS/INAIL applicati ai lavoratori sportivi dopo la riforma 2024.,46,,,,,,,,,,,,,,,,,,,,
 Calcolatore Contributi Previdenziali per Artigiani e Commercianti (fissi e variabili),contributi-previdenziali-artigiani-commercianti,Fisco e Lavoro Autonomo,it,Calcola contributi INPS fissi e percentuali per artigiani e commercianti in base al reddito imponibile.,47,,,,,,,,,,,,,,,,,,,,
 Calcolatore Tassazione per Medici in Partita IVA (con ENPAM),tassazione-medici,Fisco e Lavoro Autonomo,it,Simula imposte e contributi ENPAM sul reddito dei medici liberi professionisti.,48,,,,,,,,,,,,,,,,,,,,
 Calcolatore Tassazione per Avvocati (con Cassa Forense),tassazione-avvocati,Fisco e Lavoro Autonomo,it,"Calcola imposte IRPEF e contributi obbligatori (soggettivo, integrativo) della Cassa Forense per avvocati.",49,,,,,,,,,,,,,,,,,,,,
 Calcolatore Tassazione per Psicologi (con ENPAP),tassazione-psicologi,Fisco e Lavoro Autonomo,it,Stima IRPEF e contributi ENPAP fornendo il reddito netto di uno psicologo libero professionista.,50,,,,,,,,,,,,,,,,,,,,
 Calcolatore Tassazione per Giornalisti (con INPGI),tassazione-giornalisti,Fisco e Lavoro Autonomo,it,Calcola imposte e contribuzione INPGI per giornalisti freelance.,51,,,,,,,,,,,,,,,,,,,,
 Calcolatore Tassazione per Musicisti e Artisti (con ENPALS),tassazione-musicisti-artisti,Fisco e Lavoro Autonomo,it,Simula IRPEF e contributi ex ENPALS su cachet di musicisti e artisti.,52,,,,,,,,,,,,,,,,,,,,
 Calcolatore Tassazione per Fisioterapisti in Partita IVA,tassazione-fisioterapisti,Fisco e Lavoro Autonomo,it,Calcola imposte e contributi ENPAPI/INPS per fisioterapisti con partita IVA.,53,,,,,,,,,,,,,,,,,,,,
 Calcolatore Tassazione per Ingegneri e Architetti (con Inarcassa),tassazione-ing-architetti,Fisco e Lavoro Autonomo,it,Stima contributi Inarcassa (minimali + percentuale) e imposte per ingegneri/architetti autonomi.,54,,,,,,,,,,,,,,,,,,,,
 Calcolatore Tassazione per Geometri (con CIPAG),tassazione-geometri,Fisco e Lavoro Autonomo,it,Calcola imposte e contributi CIPAG per geometri liberi professionisti.,55,,,,,,,,,,,,,,,,,,,,
 Calcolatore Tassazione per Sviluppatori Software Freelance,tassazione-sviluppatori-software-freelance,Fisco e Lavoro Autonomo,it,Simula IRPEF e INPS Gestione Separata per sviluppatori software freelance.,56,,,,,,,,,,,,,,,,,,,,
 Calcolatore Tassazione per Graphic Designer Freelance,tassazione-graphic-designer-freelance,Fisco e Lavoro Autonomo,it,"Idem per graphic designer freelance, con stima del netto percepito.",57,,,,,,,,,,,,,,,,,,,,
 Calcolatore Tassazione per Traduttori Freelance,tassazione-traduttori-freelance,Fisco e Lavoro Autonomo,it,Idem per traduttori freelance che operano con partita IVA.,58,,,,,,,,,,,,,,,,,,,,
 Calcolatore Tassazione per Fotografi Freelance,tassazione-fotografi-freelance,Fisco e Lavoro Autonomo,it,"Idem per fotografi freelance, includendo deduzioni specifiche.",59,,,,,,,,,,,,,,,,,,,,
 Calcolatore Tassazione per Videomaker Freelance,tassazione-videomaker-freelance,Fisco e Lavoro Autonomo,it,Idem per videomaker freelance con compensi variabili per progetto.,60,,,,,,,,,,,,,,,,,,,,
 Calcolatore Tassazione per Social Media Manager Freelance,tassazione-social-media-manager-freelance,Fisco e Lavoro Autonomo,it,"Idem per social media manager freelance, con focus su previdenza INPS.",61,,,,,,,,,,,,,,,,,,,,
 Calcolatore Tassazione per Copywriter Freelance,tassazione-copywriter-freelance,Fisco e Lavoro Autonomo,it,Idem per copywriter freelance che operano in forma autonoma.,62,,,,,,,,,,,,,,,,,,,,
 Calcolatore Tassazione per Istruttori di Palestra in Partita IVA,tassazione-istruttori-palestra-partita-iva,Fisco e Lavoro Autonomo,it,Calcola imposte e contributi per istruttori di palestra/personal trainer con partita IVA.,63,,,,,,,,,,,,,,,,,,,,
 Calcolatore Tassazione per Guide Turistiche in Partita IVA  ,tassazione-guide-turistiche-partita-iva,Fisco e Lavoro Autonomo,it,"Stima carico fiscale e previdenziale per guide turistiche autonome, evidenziando eventuali regimi agevolati.",64,,,,,,,,,,,,,,,,,,,,
 Calcolatore Detrazioni Fiscali per Bonus Mobili,detrazioni-bonus-mobili,Immobiliare e Casa,it,Calcola la detrazione 50 % Bonus Mobili collegata a interventi di ristrutturazione.,65,,,,,,,,,,,,,,,,,,,,
 Calcolatore Plusvalenza sulla Vendita di un Immobile (prima/seconda casa),plusvalenza-vendita-immobile,Immobiliare e Casa,it,Stima plusvalenza imponibile e imposta sostitutiva sulla vendita di un immobile (prima o seconda casa).,66,,,,,,,,,,,,,,,,,,,,
" Calcolatore Imposta di Registro, Ipotecaria e Catastale per acquisto casa",imposta-registro-ipotecaria-catastale,Immobiliare e Casa,it,"Calcola imposte di registro, ipotecaria e catastale dovute all&rsquo;acquisto di un immobile, distinguendo l&rsquo;agevolazione prima casa.",67,,,,,,,,,,,,,,,,,,,,
 Calcolatore Rendita Catastale e Valore Catastale,rendita-e-valore-catastale,Immobiliare e Casa,it,Ricava rendita e valore catastale aggiornato a partire dalla rendita di base e dal moltiplicatore catastale.,68,,,,,,,,,,,,,,,,,,,,
 Calcolatore Costi Notaio per Atto di Compravendita e Mutuo,costi-notaio-compravendita-mutuo,Immobiliare e Casa,it,Stima onorario notarile e imposte accessorie per rogito e mutuo ipotecario.,69,,,,,,,,,,,,,,,,,,,,
 Calcolatore TARI (Tassa sui Rifiuti) per Comune,calcolo-tari-per-comune,Immobiliare e Casa,it,Calcola la TARI annua partendo da superfici e tariffe del comune di residenza.,70,,,,,,,,,,,,,,,,,,,,
 Calcolatore Canone Concordato e relativi vantaggi fiscali,canone-concordato-vantaggi-fiscali,Immobiliare e Casa,it,Simula il canone concordato massimo e i benefici fiscali ad esso collegati.,71,,,,,,,,,,,,,,,,,,,,
 Calcolatore Detrazione Interessi Passivi Mutuo Prima Casa,detrazione-interessi-mutuo-prima-casa,Immobiliare e Casa,it,Calcola l&rsquo;importo detraibile (19 %) degli interessi pagati sul mutuo prima casa.,72,,,,,,,,,,,,,,,,,,,,
 Calcolatore Costo Installazione Pannelli Fotovoltaici (con incentivi),costo-pannelli-fotovoltaici-incentivi,Immobiliare e Casa,it,"Stima investimento, incentivi e payback dell&rsquo;installazione di pannelli fotovoltaici.",73,,,,,,,,,,,,,,,,,,,,
 Calcolatore Costo Installazione Pompa di Calore (con incentivi),costo-pompa-di-calore-incentivi,Immobiliare e Casa,it,Idem per l&rsquo;installazione di una pompa di calore ad alta efficienza.,74,,,,,,,,,,,,,,,,,,,,
 Calcolatore Costo Sostituzione Infissi (con incentivi),costo-infissi-con-incentivi,Immobiliare e Casa,it,Calcola la spesa netta di sostituzione infissi tenendo conto di Ecobonus/Bonus Casa.,75,,,,,,,,,,,,,,,,,,,,
 Calcolatore Costo Cappotto Termico (con incentivi),costo-cappotto-termico-incentivi,Immobiliare e Casa,it,Stima costo al m&sup2; e detrazioni applicabili per cappotto termico dell&rsquo;edificio.,76,,,,,,,,,,,,,,,,,,,,
 Calcolatore Spese Condominiali per millesimi,spese-condominiali-millesimi,Immobiliare e Casa,it,Ripartisce spese condominiali ordinarie e straordinarie in base ai millesimi di propriet&agrave;.,77,,,,,,,,,,,,,,,,,,,,
 Calcolatore Aumento ISTAT Canone di Locazione,aumento-istat-canone-locazione,Immobiliare e Casa,it,Applica l&rsquo;indice ISTAT FOI per aggiornare annualmente il canone di locazione.,78,,,,,,,,,,,,,,,,,,,,
 Calcolatore Deposito Cauzionale e Interessi Legali,deposito-cauzionale-e-interessi-legali,Immobiliare e Casa,it,Calcola gli interessi legali maturati sul deposito cauzionale da restituire all&rsquo;inquilino.,79,,,,,,,,,,,,,,,,,,,,
 Calcolatore Tassazione Vendita Terreno Edificabile,tassazione-vendita-terreno-edificabile,Immobiliare e Casa,it,Stima plusvalenza e imposte sostitutive sulla vendita di un terreno edificabile.,80,,,,,,,,,,,,,,,,,,,,
 Calcolatore Imposta di Bollo su Conto Corrente e Deposito Titoli,imposta-bollo-conto-e-titoli,Risparmio e Investimenti,it,Calcola l&rsquo;imposta di bollo annuale su conti correnti e dossier titoli in base alla giacenza media.,81,,,,,,,,,,,,,,,,,,,,
 Calcolatore Tassazione Dividendi Azioni Italiane ed Estere,tassazione-dividendi-italiani-esteri,Risparmio e Investimenti,it,Stima ritenute e crediti d&rsquo;imposta su dividendi di azioni italiane ed estere.,82,,,,,,,,,,,,,,,,,,,,
 Calcolatore Tassazione Plusvalenze (Capital Gain),tassazione-plusvalenze-capital-gain,Risparmio e Investimenti,it,"Calcola l&rsquo;imposta 26 % (o 12,5 % su titoli di Stato) sulle plusvalenze finanziarie, tenendo conto delle minusvalenze compensabili.",83,,,,,,,,,,,,,,,,,,,,
 Calcolatore Rendimento Netto Buoni Fruttiferi Postali,rendimento-netto-buoni-fruttiferi,Risparmio e Investimenti,it,Determina il rendimento effettivo dei Buoni Fruttiferi Postali al netto di imposte e bollo.,84,,,,,,,,,,,,,,,,,,,,
 Calcolatore Tassazione P2P Lending,tassazione-p2p-lending,Risparmio e Investimenti,it,Calcola l&rsquo;imposta sostitutiva 26 % sugli interessi percepiti da piattaforme di P2P lending.,85,,,,,,,,,,,,,,,,,,,,
 Calcolatore Tassazione Criptovalute (quadro RW),tassazione-criptovalute-quadro-rw,Risparmio e Investimenti,it,Stima plusvalenze tassabili su criptovalute e controlla i valori di fine anno per il quadro RW.,86,,,,,,,,,,,,,,,,,,,,
 Calcolatore Interesse Composto (con tassazione 26%),interesse-composto-tassazione,Risparmio e Investimenti,it,Simula crescita capitale con interesse composto applicando imposta 26 % sugli interessi ogni anno.,87,,,,,,,,,,,,,,,,,,,,
 Calcolatore RITA (Rendita Integrativa Temporanea Anticipata),calcolo-rita-rendita-integrativa,Risparmio e Investimenti,it,Calcola importo massimo erogabile e tassazione della Rendita Integrativa Temporanea Anticipata (RITA).,88,,,,,,,,,,,,,,,,,,,,
 Calcolatore Tassazione Polizze Vita Ramo I e Ramo III,tassazione-polizze-vita-ramo-1-3,Risparmio e Investimenti,it,Stima imposta sui rendimenti e bollo dovuti per polizze vita ramo I e III.,89,,,,,,,,,,,,,,,,,,,,
 Calcolatore Costo di un Consulente Finanziario (parcella vs. % gestito),costo-consulente-finanziario,Risparmio e Investimenti,it,Confronta la spesa totale tra parcella fissa e fee percentuale sul patrimonio gestito di un consulente finanziario.,90,,,,,,,,,,,,,,,,,,,,
 Calcolatore Tassazione Crowdfunding (Equity vs. Lending),tassazione-crowdfunding-equity-lending,Risparmio e Investimenti,it,"Calcola aliquote, detrazioni e imposta sostitutiva su investimenti in equity e lending crowdfunding.",91,,,,,,,,,,,,,,,,,,,,
Crypto Portfolio Calculator,crypto-portfolio-calculator,Finance & Investment,en,Calculate total value of cryptocurrency portfolio with real-time prices and performance metrics,92,,,,,,,,,,,,,,,,,,,,
DeFi Yield Calculator,defi-yield-calculator,Finance & Investment,en,Estimate returns from DeFi staking and liquidity pool investments across different protocols,93,,,,,,,,,,,,,,,,,,,,
NFT ROI Calculator,nft-roi-calculator,Finance & Investment,en,Calculate return on investment for NFT purchases including gas fees and marketplace costs,94,,,,,,,,,,,,,,,,,,,,
Dollar Cost Averaging Calculator,dollar-cost-averaging-calculator,Finance & Investment,en,Plan and analyze dollar cost averaging investment strategies over time,95,,,,,,,,,,,,,,,,,,,,
FIRE Calculator,fire-calculator,Finance & Investment,en,Calculate path to Financial Independence Retire Early based on savings rate and expenses,96,,,,,,,,,,,,,,,,,,,,
Student Loan Forgiveness Calculator,student-loan-forgiveness-calculator,Finance & Investment,en,Estimate potential savings from various student loan forgiveness programs,97,,,,,,,,,,,,,,,,,,,,
Severance Package Calculator,severance-package-calculator,Finance & Investment,en,Calculate severance package value including benefits continuation and tax implications,98,,,,,,,,,,,,,,,,,,,,
Side Hustle Income Calculator,side-hustle-income-calculator,Finance & Investment,en,Estimate potential earnings from various side hustle opportunities,99,,,,,,,,,,,,,,,,,,,,
Rental Property Cash Flow Calculator,rental-property-cash-flow-calculator,Finance & Investment,en,Analyze rental property investment cash flows including taxes and maintenance costs,100,,,,,,,,,,,,,,,,,,,,
 Calcolatore Credito d'Imposta per Investimenti 4.0,credito-imposta-investimenti-40,PMI e Impresa,it,"Calcola il credito d’imposta spettante per investimenti “Industria 4.0”, distinguendo aliquote, massimali e quote di compensazione.",,,,,,,,,,,,,,,,,,,,,
 Calcolatore TFM (Trattamento di Fine Mandato) per Amministratori,tfm-fine-mandato-amministratori,PMI e Impresa,it,"Determina l’accantonamento TFM per gli amministratori, stimando deducibilità fiscale e tassazione in fase di erogazione.",,,,,,,,,,,,,,,,,,,,,
 Calcolatore Break-Even Point per Startup,break-even-point-startup,PMI e Impresa,it,"Trova il punto di pareggio di una startup partendo da costi fissi, costi variabili e prezzo di vendita.",,,,,,,,,,,,,,,,,,,,,
 Calcolatore Margine di Contribuzione,margine-di-contribuzione,PMI e Impresa,it,"Calcola il margine di contribuzione unitario e totale, utile per break-even e analisi di redditività.",,,,,,,,,,,,,,,,,,,,,
" Calcolatore Finanziamento ""Resto al Sud""",finanziamento-resto-al-sud,PMI e Impresa,it,"Stima importo agevolato, quota a fondo perduto e piano di ammortamento del finanziamento “Resto al Sud”.",,,,,,,,,,,,,,,,,,,,,
 Calcolatore Contributi a Fondo Perduto (per bandi specifici),contributi-fondo-perduto-bandi,PMI e Impresa,it,"Quantifica il contributo a fondo perduto ottenibile da un bando, in base a spesa ammissibile e percentuale di copertura.",,,,,,,,,,,,,,,,,,,,,
 Calcolatore Fatturato per Mantenere la Qualifica di PMI,fatturato-qualifica-pmi,PMI e Impresa,it,Verifica il volume d’affari minimo per conservare la qualifica di PMI secondo i parametri UE.,,,,,,,,,,,,,,,,,,,,,
 Calcolatore Ritenuta d'Acconto per Fornitori,ritenuta-dacconto-fornitori,PMI e Impresa,it,Calcola la ritenuta d’acconto da applicare ai fornitori e genera l’importo da versare con F24.,,,,,,,,,,,,,,,,,,,,,
 Calcolatore Valore di un'Azienda (metodo multipli EBITDA),valore-azienda-multipli-ebitda,PMI e Impresa,it,Stima il valore di un’azienda applicando un multiplo di EBITDA selezionato dal settore di riferimento.,,,,,,,,,,,,,,,,,,,,,
 Calcolatore Cash Flow Operativo,cash-flow-operativo,PMI e Impresa,it,Trasforma il conto economico in cash-flow operativo tenendo conto delle variazioni di capitale circolante.,,,,,,,,,,,,,,,,,,,,,
 Calcolatore Leasing vs. Noleggio a Lungo Termine vs. Acquisto,leasing-vs-noleggio-vs-acquisto,Auto e Trasporti,it,"Confronta esborso complessivo, detraibilità e riscatto tra leasing, noleggio a lungo termine e acquisto diretto.",,,,,,,,,,,,,,,,,,,,,
 Calcolatore Costo Importazione Auto dall'Estero,importazione-auto-estero,Auto e Trasporti,it,"Somma spese di trasporto, IVA, dazio, collaudo e immatricolazione per importare un’auto dall’estero.",,,,,,,,,,,,,,,,,,,,,
" Calcolatore Costo Patente (A, B, C)",costo-patente-a-b-c,Auto e Trasporti,it,"Totale delle spese per conseguire la patente (A, B, C): visite mediche, scuola guida, bolli e diritti.",,,,,,,,,,,,,,,,,,,,,
 Calcolatore Costo Revisione Auto,costo-revisione-auto,Auto e Trasporti,it,"Stima il costo della revisione periodica, comprensivo di IVA e diritti motorizzazione.",,,,,,,,,,,,,,,,,,,,,
" Calcolatore Spese Universitarie (tasse, affitto, libri) per città",spese-universitarie-per-citta,Famiglia e Vita Quotidiana,it,"Stima il costo annuale per studente in diverse città: tasse universitarie, affitto, libri e trasporti.",,,,,,,,,,,,,,,,,,,,,
 Calcolatore Detrazioni Spese Mediche e Sanitarie (730),detrazione-spese-sanitarie-730,Famiglia e Vita Quotidiana,it,Calcola la detrazione IRPEF del 19 % sulle spese mediche dopo la franchigia di legge.,,,,,,,,,,,,,,,,,,,,,
 Calcolatore Detrazioni Spese Veterinarie (730),detrazione-spese-veterinarie-730,Famiglia e Vita Quotidiana,it,"Idem per le spese veterinarie, con soglia di deducibilità specifica.",,,,,,,,,,,,,,,,,,,,,
 Calcolatore Costo Animale Domestico (cane/gatto),costo-animale-domestico,Famiglia e Vita Quotidiana,it,"Somma alimentazione, veterinario, assicurazione e anagrafe per stimare il costo annuo di cane o gatto.",,,,,,,,,,,,,,,,,,,,,
 Calcolatore ISEE (Indicatore della Situazione Economica Equivalente) Semplificato,isee-semplificato,Famiglia e Vita Quotidiana,it,"Simula l’ISEE semplificato a partire da redditi, patrimoni e composizione del nucleo familiare.",,,,,,,,,,,,,,,,,,,,,
 Calcolatore Quota Ereditaria Legittima,quota-ereditaria-legittima,Famiglia e Vita Quotidiana,it,Ripartisce l’eredità tra legittimari secondo le quote previste dal Codice Civile.,,,,,,,,,,,,,,,,,,,,,
 Calcolatore Costo Funerale,costo-funerale,Famiglia e Vita Quotidiana,it,"Totale delle spese funebri: onoranze, sepoltura o cremazione e imposte comunali.",,,,,,,,,,,,,,,,,,,,,
 Calcolatore Risparmio con Pannelli Solari Domestici,risparmio-pannelli-solari,Famiglia e Vita Quotidiana,it,"Valuta investimento, incentivi e payback dell’installazione di pannelli solari domestici.",,,,,,,,,,,,,,,,,,,,,
 Calcolatore Costo Produzione Olio d'Oliva/Vino,costo-produzione-olio-vino,Agricoltura e Cibo,it,Somma costi di produzione di olio o vino e calcola margine unitario.,,,,,,,,,,,,,,,,,,,,,
 Calcolatore Tassazione Vendita Diretta Prodotti Agricoli,tassazione-vendita-prodotti-agricoli,Agricoltura e Cibo,it,Determina IVA e IRPEF su vendita diretta di prodotti agricoli in azienda o mercatino.,,,,,,,,,,,,,,,,,,,,,
" Calcolatore Costo Allevamento (es. galline ovaiole, api)",costo-allevamento-galline-api,Agricoltura e Cibo,it,"Stima spese di avvio e gestione per un piccolo allevamento (galline ovaiole, api, ecc.).",,,,,,,,,,,,,,,,,,,,,
 Calcolatore Diritto di Prelazione Agraria,diritto-prelazione-agraria,Agricoltura e Cibo,it,Calcola importi e scadenze per esercitare il diritto di prelazione agraria sul fondo confinante.,,,,,,,,,,,,,,,,,,,,,
 Calcolatore Spreco Alimentare Familiare (costo e impatto),spreco-alimentare-costo-impatto,Agricoltura e Cibo,it,Quantifica costo annuale e impatto ambientale dello spreco alimentare familiare.,,,,,,,,,,,,,,,,,,,,,
 Calcolatore Costo Attrezzatura da Sci/Snowboard (acquisto vs. noleggio),costo-attrezzatura-sci-noleggio,Hobby e Tempo Libero,it,Confronta costo completo di attrezzatura da sci/snowboard acquistata o noleggiata per l’intera stagione.,,,,,,,,,,,,,,,,,,,,,
 Calcolatore Costo Brevetto da Sub,costo-brevetto-sub,Hobby e Tempo Libero,it,"Totale delle spese per ottenere il brevetto da sub: visite mediche, corso, certificazione e attrezzatura base.",,,,,,,,,,,,,,,,,,,,,
 Calcolatore Costo Mantenimento Barca a Vela/Motore,costo-mantenimento-barca,Hobby e Tempo Libero,it,"Stima costi annuali di proprietà di una barca (ormeggio, assicurazione, manutenzione e tasse).",,,,,,,,,,,,,,,,,,,,,
 Calcolatore Costo Iscrizione e Tesseramento Palestra/Piscina,costo-palestra-piscina,Hobby e Tempo Libero,it,"Calcola la spesa totale annua per iscrizione in palestra o piscina, incluse attrezzature personali.",,,,,,,,,,,,,,,,,,,,,
" Calcolatore Costo Collezionismo (es. fumetti, vinili)",costo-collezionismo-fumetti-vinili,Hobby e Tempo Libero,it,"Proietta costi di acquisto, conservazione e assicurazione per collezioni (fumetti, vinili, ecc.).",,,,,,,,,,,,,,,,,,,,,
" Calcolatore Costo Strumentazione Musicale (chitarra, pianoforte)",costo-strumentazione-musicale,Hobby e Tempo Libero,it,"Somma prezzo, manutenzione e ammortamento di strumenti musicali come chitarra o pianoforte.",,,,,,,,,,,,,,,,,,,,,
 Calcolatore Costo Attrezzatura Fotografica Professionale,costo-attrezzatura-fotografica,Hobby e Tempo Libero,it,"Somma prezzo di corpo macchina, obiettivi, luci, assicurazione e ammortamento per stimare il costo totale di un corredo fotografico professionale.",,,,,,,,,,,,,,,,,,,,,
 Calcolatore Costo Viaggio On The Road in Italia,costo-viaggio-on-the-road,Hobby e Tempo Libero,it,"Calcola il budget di un viaggio on-the-road in Italia: carburante, pedaggi, alloggi, pasti, attrazioni e margine imprevisti.",,,,,,,,,,,,,,,,,,,,,
 Calcolatore Costo Hobby del Giardinaggio (annuale),costo-hobby-giardinaggio,Hobby e Tempo Libero,it,"Stima il costo annuale dell’hobby del giardinaggio sommando piante, terriccio, attrezzi, fertilizzanti e consumo d’acqua.",,,,,,,,,,,,,,,,,,,,,
 Calculadora Cuota de Autónomos 2025 (per tramos de ingresos reales),calculadora-cuota-autonomos-2025,Impuestos y trabajo autónomo,es,"ES Calcula las cuotas mensuales de autónomos 2025 en España según los tramos de ingresos reales, aplicando bonificaciones o reducciones vigentes.",,,,,,,,,,,,,,,,,,,,,
 Calcolatore Costo Produzione Olio d'Oliva/Vino,costo-produzione-olio-vino,Agricoltura e Cibo,it,Somma costi di produzione di olio o vino e calcola margine unitario.,,,,,,,,,,,,,,,,,,,,,
 Calcolatore Tassazione Vendita Diretta Prodotti Agricoli,tassazione-vendita-prodotti-agricoli,Agricoltura e Cibo,it,Determina IVA e IRPEF su vendita diretta di prodotti agricoli in azienda o mercatino.,,,,,,,,,,,,,,,,,,,,,
" Calcolatore Costo Allevamento (es. galline ovaiole, api)",costo-allevamento-galline-api,Agricoltura e Cibo,it,"Stima spese di avvio e gestione per un piccolo allevamento (galline ovaiole, api, ecc.).",,,,,,,,,,,,,,,,,,,,,
 Calcolatore Diritto di Prelazione Agraria,diritto-prelazione-agraria,Agricoltura e Cibo,it,Calcola importi e scadenze per esercitare il diritto di prelazione agraria sul fondo confinante.,,,,,,,,,,,,,,,,,,,,,
 Calcolatore Spreco Alimentare Familiare (costo e impatto),spreco-alimentare-costo-impatto,Agricoltura e Cibo,it,Quantifica costo annuale e impatto ambientale dello spreco alimentare familiare.,,,,,,,,,,,,,,,,,,,,,
 Calcolatore Costo Attrezzatura da Sci/Snowboard (acquisto vs. noleggio),costo-attrezzatura-sci-noleggio,Hobby e Tempo Libero,it,Confronta costo completo di attrezzatura da sci/snowboard acquistata o noleggiata per l’intera stagione.,,,,,,,,,,,,,,,,,,,,,
 Calcolatore Costo Brevetto da Sub,costo-brevetto-sub,Hobby e Tempo Libero,it,"Totale delle spese per ottenere il brevetto da sub: visite mediche, corso, certificazione e attrezzatura base.",,,,,,,,,,,,,,,,,,,,,
 Calcolatore Costo Mantenimento Barca a Vela/Motore,costo-mantenimento-barca,Hobby e Tempo Libero,it,"Stima costi annuali di proprietà di una barca (ormeggio, assicurazione, manutenzione e tasse).",,,,,,,,,,,,,,,,,,,,,
 Calcolatore Costo Iscrizione e Tesseramento Palestra/Piscina,costo-palestra-piscina,Hobby e Tempo Libero,it,"Calcola la spesa totale annua per iscrizione in palestra o piscina, incluse attrezzature personali.",,,,,,,,,,,,,,,,,,,,,
" Calcolatore Costo Collezionismo (es. fumetti, vinili)",costo-collezionismo-fumetti-vinili,Hobby e Tempo Libero,it,"Proietta costi di acquisto, conservazione e assicurazione per collezioni (fumetti, vinili, ecc.).",,,,,,,,,,,,,,,,,,,,,
" Calcolatore Costo Strumentazione Musicale (chitarra, pianoforte)",costo-strumentazione-musicale,Hobby e Tempo Libero,it,"Somma prezzo, manutenzione e ammortamento di strumenti musicali come chitarra o pianoforte.",,,,,,,,,,,,,,,,,,,,,
 Calcolatore Costo Attrezzatura Fotografica Professionale,costo-attrezzatura-fotografica,Hobby e Tempo Libero,it,"Somma prezzo di corpo macchina, obiettivi, luci, assicurazione e ammortamento per stimare il costo totale di un corredo fotografico professionale.",,,,,,,,,,,,,,,,,,,,,
 Calcolatore Costo Abbonamento Stadio vs. Biglietto Singolo,abbonamento-stadio-vs-biglietto,Hobby e Tempo Libero,it,"Confronta la spesa complessiva di un abbonamento stagionale allo stadio con l’acquisto di singoli biglietti, includendo prevendita e partite di coppa.",,,,,,,,,,,,,,,,,,,,,
 Calcolatore Costo Viaggio On The Road in Italia,costo-viaggio-on-the-road,Hobby e Tempo Libero,it,"Calcola il budget di un viaggio on-the-road in Italia: carburante, pedaggi, alloggi, pasti, attrazioni e margine imprevisti.",,,,,,,,,,,,,,,,,,,,,
 Calcolatore Costo Hobby del Giardinaggio (annuale),costo-hobby-giardinaggio,Hobby e Tempo Libero,it,"Stima il costo annuale dell’hobby del giardinaggio sommando piante, terriccio, attrezzi, fertilizzanti e consumo d’acqua.",,,,,,,,,,,,,,,,,,,,,
 Calculadora Cuota de Autónomos 2025 (per tramos de ingresos reales),calculadora-cuota-autonomos-2025,Impuestos y trabajo autónomo,es,"ES Calcula las cuotas mensuales de autónomos 2025 en España según los tramos de ingresos reales, aplicando bonificaciones o reducciones vigentes.",,,,,,,,,,,,,,,,,,,,,